retailer,parent_company,website,store_locator_url,product_search_url,api_endpoint,api_type,authentication,product_data,upc_gtin,sku,product_name,brand,category,package_size,unit,regular_price,sale_price,unit_price,store_specific_price,availability,promotions,loyalty_price,coupon_data,inventory,store_id,store_address,latitude_longitude,zip_code,timestamp,historical_prices,update_frequency,geographic_coverage,approx_store_count,approx_sku_count,data_freshness,source_discovery_method,access_method,scraping_difficulty,rate_limits,bot_protection,terms_of_service,robots_txt,redistribution_permission,raw_data_can_be_published,derived_data_can_be_published,legal_risk,source_reliability,data_quality,overall_feasibility,last_researched,researcher,notes
Walmart,Walmart Inc.,https://www.walmart.com,,,,,Detected,,,,,,,,,,,,,,,,,,,,,,,,,,,,,Automated public-site inspection,HTTP,,,Detected,,https://www.walmart.com/robots.txt,Unknown,Unknown,Unknown,Unknown,,,,2026-08-16,automated,HTTP 200; robots.can_fetch=None; 3 candidate links
Kroger,Kroger Co.,https://www.kroger.com,,,,,Not detected,,,,,,,,,,,,,,,,,,,,,,,,,,,,,Automated public-site inspection,HTTP,,,Not detected,,https://www.kroger.com/robots.txt,Unknown,Unknown,Unknown,Unknown,,,,2026-08-16,automated,HTTP None; robots.can_fetch=None; 0 candidate links
Albertsons,Albertsons Companies,https://www.albertsons.com,,,,,Detected,,,,,,,,,,,,,,,,,,,,,,,,,,,,,Automated public-site inspection,HTTP,,,Not detected,,https://www.albertsons.com/robots.txt,Unknown,Unknown,Unknown,Unknown,,,,2026-08-16,automated,HTTP 200; robots.can_fetch=None; 100 candidate links
Target,Target Corporation,https://www.target.com,,,,,Detected,,,,,,,,,,,,,,,,,,,,,,,,,,,,,Automated public-site inspection,HTTP,,,Detected,,https://www.target.com/robots.txt,Unknown,Unknown,Unknown,Unknown,,,,2026-08-16,automated,HTTP 200; robots.can_fetch=None; 6 candidate links
Publix,Publix Super Markets,https://www.publix.com,,,,,Detected,,,,,,,,,,,,,,,,,,,,,,,,,,,,,Automated public-site inspection,HTTP,,,Not detected,,https://www.publix.com/robots.txt,Unknown,Unknown,Unknown,Unknown,,,,2026-08-16,automated,HTTP 200; robots.can_fetch=None; 5 candidate links
H-E-B,H-E-B,https://www.heb.com,,,,,Not detected,,,,,,,,,,,,,,,,,,,,,,,,,,,,,Automated public-site inspection,HTTP,,,Not detected,,https://www.heb.com/robots.txt,Unknown,Unknown,Unknown,Unknown,,,,2026-08-16,automated,HTTP 200; robots.can_fetch=None; 0 candidate links
Aldi,Aldi,https://www.aldi.us,,,,,Detected,,,,,,,,,,,,,,,,,,,,,,,,,,,,,Automated public-site inspection,HTTP,,,Detected,,https://www.aldi.us/robots.txt,Unknown,Unknown,Unknown,Unknown,,,,2026-08-16,automated,HTTP 200; robots.can_fetch=None; 67 candidate links
Costco,Costco Wholesale,https://www.costco.com,,,,,Not detected,,,,,,,,,,,,,,,,,,,,,,,,,,,,,Automated public-site inspection,HTTP,,,Not detected,,https://www.costco.com/robots.txt,Unknown,Unknown,Unknown,Unknown,,,,2026-08-16,automated,HTTP None; robots.can_fetch=None; 0 candidate links
Sprouts,Sprouts Farmers Market,https://www.sprouts.com,,,,,Detected,,,,,,,,,,,,,,,,,,,,,,,,,,,,,Automated public-site inspection,HTTP,,,Not detected,,https://www.sprouts.com/robots.txt,Unknown,Unknown,Unknown,Unknown,,,,2026-08-16,automated,HTTP 200; robots.can_fetch=None; 53 candidate links
Trader Joe's,Trader Joe's,https://www.traderjoes.com,,,,,Detected,,,,,,,,,,,,,,,,,,,,,,,,,,,,,Automated public-site inspection,HTTP,,,Not detected,,https://www.traderjoes.com/robots.txt,Unknown,Unknown,Unknown,Unknown,,,,2026-08-16,automated,HTTP 403; robots.can_fetch=None; 0 candidate links
